TIME,TEMPERATURE,CPU_USAGE,CPU_1,CPU_2,CPU_3,CPU_4
1612613235.092875,124,7.3,15.5,15.0,18.4,20.2
1612613238.09783,124,5.5,7.0,8.8,8.0,5.1
